"-298.1084289550781","126.65637969970703","-5.363035678863525","26.21185302734375","12.333596229553223","11.457582473754883","4.77540397644043","8.610818862915039","5.77217960357666","3.0567290782928467","7.81533145904541","5.235117435455322","8.548104286193848","3.045945882797241","7.501827716827393","2.3675551414489746","2.4767134189605713","2.618520498275757","-2.1939430236816406","-2.3565757274627686","51.764259338378906","28.21277618408203","16.674882888793945","15.561864852905273","13.126557350158691","10.203178405761719","13.246296882629395","8.51758098602295","11.861007690429688","9.331756591796875","7.586907386779785","7.9681196212768555","6.693127155303955","6.563533782958984","6.072880268096924","6.0982794761657715","6.843869209289551","5.685649394989014","6.472726345062256","6.803201198577881","0","01_M_native-studio"
"-250.15768432617188","75.89341735839844","19.608078002929688","16.9547119140625","14.163686752319336","10.817780494689941","6.083644390106201","7.305050373077393","5.6196794509887695","4.202303409576416","6.358715057373047","6.530077934265137","6.369215488433838","5.284286975860596","5.5368804931640625","3.504450559616089","2.291339635848999","1.9329376220703125","-1.3915554285049438","-1.9477057456970215","36.73406982421875","23.458765029907227","16.028587341308594","13.040457725524902","9.441802024841309","8.148369789123535","9.563741683959961","8.309940338134766","9.410402297973633","8.933647155761719","7.241567134857178","6.766016960144043","6.178367614746094","5.862821102142334","5.441423416137695","5.73336935043335","5.9727044105529785","5.30019474029541","5.895280361175537","6.517963409423828","0","01_M_native-studio_noise"
"-334.4689025878906","124.80894470214844","-5.110701084136963","26.4603328704834","11.58120346069336","11.785576820373535","4.004464626312256","8.556756019592285","4.354278564453125","2.8575892448425293","7.188814640045166","5.400670528411865","8.279229164123535","3.1952507495880127","7.207844257354736","2.3605849742889404","2.3357346057891846","2.9680190086364746","-2.3085641860961914","-2.360167980194092","51.4623908996582","27.850746154785156","16.778982162475586","16.205699920654297","13.198293685913086","10.176009178161621","13.497418403625488","8.544114112854004","12.170730590820312","9.436671257019043","7.70664119720459","8.17101001739502","6.77667236328125","6.716607093811035","6.157219886779785","6.160638809204102","6.801486492156982","5.99267053604126","6.814180374145508","7.09537410736084","0","01_M_native-studio_speed"
"-254.05857849121094","133.80043029785156","-18.045682907104492","21.361572265625","9.917888641357422","5.493471622467041","5.7786760330200195","7.054830551147461","3.446559429168701","3.343588352203369","6.804598331451416","9.811217308044434","6.734617233276367","0.26007238030433655","4.145851135253906","4.696695327758789","3.517521381378174","4.563166618347168","0.5977869033813477","-0.9431268572807312","40.15263366699219","31.590763092041016","14.6929292678833","15.759504318237305","14.662799835205078","11.571998596191406","10.977639198303223","8.125487327575684","8.647512435913086","9.39974308013916","7.269021987915039","7.95401668548584","6.688989639282227","7.02980899810791","6.598531723022461","6.1335954666137695","6.099142551422119","5.980300426483154","6.248147487640381","5.92095422744751","0","02_M_nonNative-studio"
"-219.40184020996094","93.23637390136719","7.261532783508301","9.77071475982666","12.461766242980957","6.399256706237793","4.707482814788818","7.145559787750244","3.8260462284088135","2.924821376800537","7.206313133239746","9.40005874633789","6.242492198944092","1.2116622924804688","3.3871195316314697","4.920074939727783","3.748629570007324","3.886991500854492","1.2447640895843506","-1.2376807928085327","33.372074127197266","29.5706787109375","14.010583877563477","15.13509750366211","12.388136863708496","8.790661811828613","8.573369979858398","8.084525108337402","7.912752628326416","8.369644165039062","6.931657791137695","6.80555534362793","6.399331569671631","6.3750762939453125","6.386541843414307","5.853283405303955","5.704130172729492","5.853858947753906","5.936209678649902","5.8355512619018555","0","02_M_nonNative-studio_noise"
"-287.5310974121094","126.77495574951172","-11.907126426696777","17.671184539794922","12.042516708374023","4.75799560546875","5.7084221839904785","7.141627788543701","2.6004819869995117","3.40754771232605","6.656861782073975","9.555006980895996","6.774088382720947","-0.1029699444770813","3.9927189350128174","4.8597869873046875","3.1989822387695312","4.4006242752075195","0.3941650986671448","-1.3292397260665894","38.91471481323242","31.23434829711914","14.214204788208008","16.64389419555664","14.606817245483398","11.318639755249023","10.35655403137207","8.420750617980957","8.591448783874512","9.401581764221191","7.375903606414795","7.828122615814209","6.689063549041748","7.067178249359131","7.0394062995910645","6.272146701812744","6.229380130767822","6.215018272399902","6.4272847175598145","6.169896602630615","0","02_M_nonNative-studio_speed"
"-360.205322265625","107.12590789794922","16.782804489135742","22.50470542907715","12.778243064880371","11.315460205078125","-1.4207061529159546","3.245089054107666","-12.277337074279785","-3.1346075534820557","7.346138000488281","0.045906614512205124","1.5833009481430054","0.7034381628036499","1.7696613073349","2.8846073150634766","1.7243986129760742","1.3552354574203491","-1.3947011232376099","-0.6526147127151489","70.35391998291016","38.011802673339844","23.199352264404297","20.234926223754883","15.414278984069824","15.376697540283203","19.246803283691406","12.261502265930176","19.529233932495117","12.965693473815918","11.72695255279541","10.081324577331543","8.216704368591309","8.69050407409668","7.394407749176025","7.338170528411865","7.811785697937012","7.1134538650512695","7.578392028808594","8.43962574005127","0","03_F_native-port"
"-284.31646728515625","53.28330993652344","24.279064178466797","19.077638626098633","11.719785690307617","7.375534534454346","1.2443814277648926","-0.9881371855735779","-7.2376251220703125","-2.9709720611572266","4.230024337768555","1.8792258501052856","0.45818421244621277","1.25901198387146","2.1816749572753906","1.6565930843353271","1.5419437885284424","1.325184941291809","-0.2920178472995758","-0.31635862588882446","41.7625846862793","32.97367858886719","16.979555130004883","14.840386390686035","12.05514144897461","12.660972595214844","13.641636848449707","12.53915786743164","15.46756649017334","11.50234317779541","9.732955932617188","8.171632766723633","7.144906044006348","7.066850185394287","6.2337846755981445","6.036010265350342","5.968426704406738","6.258421421051025","6.813199520111084","7.166446208953857","0","03_F_native-port_noise"
"-393.56658935546875","106.50304412841797","17.279842376708984","23.211305618286133","12.24917221069336","10.574365615844727","-2.5206820964813232","1.611159324645996","-13.853023529052734","-3.835684299468994","7.410046100616455","0.010036320425570011","1.1564477682113647","0.4752817153930664","1.9332854747772217","2.8689486980438232","1.6819566488265991","1.429649829864502","-1.1507006883621216","-0.40047118067741394","69.73371124267578","37.81367492675781","22.516754150390625","20.29889678955078","15.478338241577148","15.356057167053223","19.507617950439453","12.715058326721191","19.480331420898438","12.916681289672852","11.758543968200684","10.009370803833008","8.071732521057129","8.581550598144531","7.566296577453613","7.469751834869385","7.773079872131348","7.344015121459961","7.813607692718506","8.522627830505371","0","03_F_native-port_speed"
"-356.86669921875","125.73245239257812","3.3781661987304688","21.13771629333496","9.337650299072266","11.386966705322266","0.19727005064487457","10.556221008300781","0.2101823091506958","2.0761778354644775","5.769811630249023","1.9538863897323608","2.2380475997924805","2.748377561569214","5.275644302368164","3.9764459133148193","4.559615612030029","3.6850712299346924","-0.41894251108169556","2.73250675201416","56.774959564208984","33.62111282348633","19.353147506713867","18.598352432250977","14.957653045654297","12.590319633483887","14.671216011047363","9.8944673538208","14.432384490966797","10.75545597076416","10.474081039428711","11.690526962280273","9.317837715148926","8.890630722045898","7.362052917480469","6.979420185089111","7.107479572296143","7.3241777420043945","8.00992488861084","7.8995771408081055","0","03_F_native-studio"
"-307.3885803222656","135.4429473876953","-11.586980819702148","16.736186981201172","6.173948287963867","-3.100503444671631","1.3535939455032349","4.348179340362549","-7.778221607208252","1.7884489297866821","3.6017587184906006","1.4839603900909424","4.76039981842041","4.602819442749023","3.1150684356689453","4.397908687591553","2.2750344276428223","1.852478265762329","-1.3798692226409912","0.8014850616455078","59.0552978515625","30.445232391357422","26.4136962890625","20.331785202026367","14.781546592712402","16.339996337890625","13.569940567016602","9.933388710021973","15.072104454040527","9.45080852508545","8.436894416809082","9.630404472351074","9.261823654174805","8.319253921508789","8.129212379455566","8.301675796508789","8.507381439208984","7.766661167144775","8.15412425994873","8.540562629699707","0","04_M_nonNative-stdio"
"-249.6737060546875","76.94788360595703","13.56952953338623","9.42564868927002","5.632447242736816","-1.2028040885925293","1.402915120124817","1.782475471496582","-4.3767194747924805","-0.09559964388608932","3.825526475906372","1.8638334274291992","3.5030627250671387","4.908814430236816","3.6469390392303467","3.329902172088623","2.9882051944732666","1.0319246053695679","-0.4377094507217407","0.8751557469367981","43.10447692871094","26.052640914916992","23.325668334960938","16.5755558013916","12.02089786529541","13.606244087219238","10.672122955322266","9.485519409179688","11.70620059967041","8.518082618713379","7.605137348175049","8.230095863342285","8.07537841796875","7.206841945648193","7.112879753112793","7.400341510772705","7.103087425231934","7.181365966796875","7.503206253051758","7.606764793395996","0","04_M_nonNative-stdio_noise"
"-341.01971435546875","132.75267028808594","-10.03066635131836","15.814972877502441","5.934431076049805","-3.5951428413391113","0.7612205743789673","3.6462442874908447","-8.489787101745605","1.2375950813293457","3.6317591667175293","0.8961843848228455","4.326091766357422","4.312305927276611","2.8266797065734863","4.098860740661621","2.3671090602874756","1.5662431716918945","-1.4214553833007812","0.650471568107605","57.273162841796875","29.752180099487305","26.303180694580078","20.740489959716797","14.81381893157959","16.28240394592285","13.672000885009766","10.05349063873291","14.646498680114746","9.513200759887695","8.405752182006836","9.563138008117676","9.311178207397461","8.63134479522705","8.215311050415039","8.62242603302002","8.637252807617188","7.867342472076416","8.127082824707031","8.539082527160645","0","04_M_nonNative-stdio_speed"
"-310.4871826171875","116.45059967041016","-0.35037878155708313","17.95372200012207","10.529549598693848","5.193278789520264","3.108452796936035","8.3118896484375","2.928868055343628","-0.8469786643981934","5.140414237976074","4.255421161651611","2.355468273162842","2.2423195838928223","1.4037277698516846","3.183022975921631","3.029017210006714","-0.9235630631446838","-1.7251527309417725","0.9567880630493164","52.046112060546875","31.01512336730957","24.057329177856445","21.472192764282227","14.639002799987793","11.679471969604492","13.387687683105469","9.726531982421875","10.017395973205566","11.704614639282227","8.630393981933594","8.749598503112793","8.638727188110352","8.093299865722656","8.079562187194824","7.006507396697998","7.224043369293213","8.188115119934082","7.37689208984375","7.189721584320068","0","06_M_native-studio"
"-260.58203125","69.8223876953125","16.378801345825195","13.354762077331543","10.374421119689941","5.371133327484131","4.346240520477295","6.460422515869141","3.0352864265441895","0.4135667085647583","3.8877315521240234","4.136631965637207","2.2886483669281006","1.9072221517562866","2.0258562564849854","2.8888704776763916","2.354644536972046","-0.40713533759117126","-1.1928598880767822","0.6273167133331299","38.754940032958984","27.701139450073242","19.701045989990234","17.375595092773438","12.446871757507324","10.110358238220215","11.028223991394043","8.78331184387207","9.015786170959473","9.808757781982422","7.913833141326904","7.4645676612854","7.762050151824951","7.599896430969238","7.100244045257568","6.5449395179748535","6.571287631988525","7.443375587463379","7.180126190185547","6.646198749542236","0","06_M_native-studio_noise"
"-351.69805908203125","123.81172943115234","-6.323452472686768","21.842607498168945","7.95742130279541","5.790804386138916","2.04371976852417","7.799184799194336","2.080031156539917","-1.4221150875091553","4.869983673095703","3.7276978492736816","2.0392396450042725","1.7613197565078735","1.1879628896713257","3.001138210296631","2.7298665046691895","-1.2311809062957764","-2.1712992191314697","0.7704089283943176","54.10494613647461","32.11298751831055","22.90509033203125","21.848682403564453","15.056727409362793","11.83845329284668","14.179311752319336","9.959616661071777","10.281081199645996","12.015591621398926","8.852194786071777","9.080592155456543","8.791723251342773","8.152534484863281","8.249655723571777","7.293276786804199","7.529794216156006","8.503211975097656","7.670124530792236","7.348978519439697","0","06_M_native-studio_speed"
"-314.632080078125","120.52786254882812","-1.3688335418701172","14.491386413574219","7.807255268096924","11.735450744628906","9.475868225097656","6.73636531829834","2.5594518184661865","5.399131774902344","6.687763214111328","6.357579708099365","8.127280235290527","5.638859748840332","5.7070441246032715","5.068416118621826","2.586831569671631","1.97959566116333","1.4047513008117676","1.2610098123550415","55.158477783203125","30.748926162719727","21.902713775634766","19.112905502319336","13.445878028869629","11.588726997375488","11.916446685791016","11.03386402130127","11.521207809448242","8.913278579711914","8.056403160095215","8.180619239807129","7.251103401184082","7.888106822967529","7.061748504638672","7.010160446166992","7.073204040527344","6.986076831817627","6.609569072723389","7.189609050750732","0","07_F_native-studio"
"-261.17596435546875","69.90680694580078","17.065580368041992","10.196802139282227","8.472005844116211","11.039522171020508","9.322848320007324","5.8710503578186035","3.6998677253723145","4.926866054534912","6.372660160064697","6.369052410125732","7.099940776824951","6.093523025512695","5.388470649719238","4.755881309509277","2.9593605995178223","1.920819878578186","1.5546425580978394","1.3627939224243164","38.737213134765625","28.291269302368164","17.805944442749023","14.298137664794922","10.199376106262207","9.307818412780762","10.132084846496582","10.440953254699707","9.848740577697754","8.159769058227539","7.303846836090088","6.965566635131836","6.662045955657959","6.9556074142456055","6.32682991027832","6.188820838928223","6.270120620727539","6.372774600982666","6.219235897064209","6.508538246154785","0","07_F_native-studio_noise"
"-351.0373840332031","118.4420394897461","-0.7980073690414429","14.6918306350708","7.444210052490234","11.818059921264648","9.138516426086426","6.175656795501709","2.167985200881958","5.1322736740112305","6.716216087341309","6.000363826751709","7.913883209228516","5.361510276794434","5.42538595199585","5.059039115905762","2.6295294761657715","1.9640721082687378","1.3473154306411743","1.1004276275634766","54.615264892578125","30.510028839111328","21.556591033935547","19.610313415527344","13.207416534423828","11.779903411865234","12.08003044128418","11.57512378692627","11.759398460388184","9.033698081970215","8.155106544494629","8.438579559326172","7.4327592849731445","7.965495586395264","7.145612716674805","7.073134422302246","7.1880364418029785","7.110901355743408","6.684739589691162","7.341587543487549","0","07_F_native-studio_speed"
"-289.2106018066406","135.4647979736328","-7.816638946533203","22.82868766784668","7.018869876861572","15.860577583312988","4.363800048828125","7.656899929046631","3.9666640758514404","5.795135021209717","5.519770622253418","5.741119384765625","5.558483600616455","3.6536946296691895","6.371870517730713","2.9991254806518555","2.2111656665802","1.3588480949401855","3.2653706073760986","3.5432794094085693","57.848201751708984","34.691619873046875","18.036176681518555","16.497623443603516","12.30467414855957","13.229265213012695","10.47364616394043","8.489363670349121","9.374004364013672","7.524523735046387","7.732110500335693","7.8338704109191895","7.913329124450684","7.631852626800537","6.5171732902526855","6.3615264892578125","6.2084503173828125","6.147480487823486","7.013525485992432","6.096038341522217","0","08_F_nonNative-studio"
"-241.55564880371094","84.0558090209961","18.278667449951172","11.80252456665039","12.059104919433594","12.139741897583008","7.055719375610352","5.8729047775268555","5.096200942993164","5.052323818206787","5.881143569946289","5.565485000610352","4.868377208709717","4.691029071807861","5.211695194244385","3.748173236846924","1.8708897829055786","1.6523370742797852","3.2981793880462646","3.2817933559417725","45.009727478027344","31.16327476501465","17.19780731201172","14.502483367919922","10.914907455444336","10.948623657226562","8.476325988769531","7.537271022796631","7.684830188751221","7.040399551391602","7.156032085418701","7.266434669494629","7.614466190338135","7.090113639831543","5.946095943450928","5.716312885284424","5.982656002044678","5.631581783294678","6.240133285522461","5.761769771575928","0","08_F_nonNative-studio_noise"
"-326.5377197265625","134.48721313476562","-8.086455345153809","23.385807037353516","6.404885292053223","16.258821487426758","3.762486457824707","7.588962554931641","3.3665473461151123","5.381310939788818","5.207241058349609","5.289834976196289","5.056170463562012","3.314319610595703","6.1430816650390625","2.9092764854431152","2.050724983215332","1.4083436727523804","3.414242744445801","3.4883358478546143","57.88730239868164","34.46427917480469","17.743106842041016","16.90525245666504","12.301161766052246","13.439759254455566","10.718536376953125","8.633015632629395","9.612202644348145","7.659680366516113","7.879638671875","7.998727798461914","8.336236000061035","8.043279647827148","6.6665778160095215","6.558776378631592","6.363814353942871","6.1955647468566895","7.253640174865723","6.284213066101074","0","08_F_nonNative-studio_speed"
"-272.7341613769531","132.03195190429688","-7.472521781921387","18.970687866210938","11.021221160888672","4.624755382537842","-1.22868812084198","7.679251670837402","1.4217710494995117","5.008364200592041","6.674699306488037","5.429136276245117","6.961370944976807","3.3566715717315674","1.7015186548233032","4.73547887802124","3.2475290298461914","2.0073258876800537","0.11953987926244736","1.7853232622146606","49.949981689453125","27.885574340820312","18.709394454956055","17.094675064086914","12.791438102722168","10.926511764526367","13.601042747497559","9.099543571472168","11.228185653686523","8.668410301208496","7.595128536224365","9.819425582885742","6.955537796020508","7.306056976318359","8.798012733459473","6.3184003829956055","6.8870625495910645","7.021035671234131","7.381722927093506","7.154032230377197","0","09_F_nonNative"
"-231.6483612060547","87.29180908203125","14.70911693572998","12.002838134765625","11.301411628723145","4.616827964782715","0.5286640524864197","5.252858638763428","3.273704767227173","4.079531669616699","6.708521366119385","5.77721643447876","6.1068830490112305","3.680556297302246","2.2189502716064453","3.980085611343384","3.72202467918396","1.642147421836853","0.33517807722091675","1.8630200624465942","37.025840759277344","23.043052673339844","17.275310516357422","13.972480773925781","10.718354225158691","9.661134719848633","10.715677261352539","7.9847731590271","8.880559921264648","8.247184753417969","6.946440696716309","8.319921493530273","6.745418071746826","6.674284934997559","7.555002212524414","6.078392505645752","6.12233829498291","6.520262241363525","6.9797282218933105","6.595993518829346","0","09_F_nonNative_noise"
"-311.1161193847656","131.4773712158203","-7.8584370613098145","19.376327514648438","10.205471992492676","4.76719856262207","-1.8430651426315308","7.343660831451416","0.903397798538208","4.846520900726318","6.56447696685791","5.071181774139404","6.6381025314331055","3.0942046642303467","1.4658260345458984","4.620657444000244","3.1667304039001465","1.920581340789795","0.027273956686258316","1.8132104873657227","50.22404479980469","27.908370971679688","18.550312042236328","17.386255264282227","12.927971839904785","11.092652320861816","13.99197769165039","9.16306209564209","11.444877624511719","8.855948448181152","7.645781993865967","10.005620002746582","7.160274505615234","7.4217400550842285","8.989874839782715","6.571995735168457","7.138055801391602","7.238958358764648","7.651945114135742","7.326159477233887","0","09_F_nonNative_speed"
"-334.2944641113281","119.91973114013672","12.443556785583496","12.376914978027344","10.663914680480957","7.568264961242676","5.040674209594727","6.697876453399658","3.717986822128296","3.977750301361084","7.382708549499512","6.882767677307129","5.963523864746094","5.907331943511963","5.947212219238281","3.1738905906677246","0.7518989443778992","-0.10488349944353104","0.6522570252418518","3.006415367126465","43.44024658203125","26.823915481567383","21.33013916015625","16.950658798217773","12.153441429138184","9.361679077148438","10.361706733703613","8.414583206176758","11.419028282165527","8.61078929901123","7.731886863708496","8.418800354003906","7.177220344543457","7.064939498901367","7.012558460235596","6.417135238647461","6.396259307861328","6.432312965393066","6.09708833694458","6.134463787078857","0","10_M_nonNative-studio"
"-274.6263732910156","66.56979370117188","24.901906967163086","13.426956176757812","9.022139549255371","7.446411609649658","6.073057174682617","5.282402038574219","4.024616241455078","4.651584148406982","6.658107280731201","6.453099250793457","5.974795818328857","5.8110222816467285","5.289479732513428","3.4836699962615967","1.0296496152877808","0.015118814073503017","1.106242060661316","2.4530439376831055","30.000171661376953","22.859445571899414","15.664679527282715","11.827949523925781","9.513150215148926","7.4669389724731445","8.398904800415039","7.932450294494629","9.188729286193848","8.05859088897705","7.157166957855225","6.9752373695373535","6.424045562744141","6.249053478240967","6.17153263092041","5.8646039962768555","5.8223981857299805","5.795100688934326","5.519088268280029","5.63549280166626","0","10_M_nonNative-studio_noise"
"-370.95782470703125","117.79898071289062","12.617827415466309","12.582742691040039","10.28100872039795","7.406512260437012","4.66977596282959","5.994546890258789","3.1134328842163086","3.5308446884155273","7.258641242980957","6.502691745758057","5.709643363952637","5.835371017456055","5.74489164352417","3.0917255878448486","0.6858084201812744","-0.1679995357990265","0.6771475672721863","2.954420804977417","43.163700103759766","26.8145809173584","20.82916259765625","17.100322723388672","12.158239364624023","9.494696617126465","10.557210922241211","8.699676513671875","11.64724063873291","8.914007186889648","7.939159393310547","8.535292625427246","7.199525833129883","7.121511936187744","7.146685600280762","6.546824932098389","6.561893463134766","6.634970188140869","6.335103511810303","6.220112323760986","0","10_M_nonNative-studio_speed"
"-283.2450256347656","124.99091339111328","16.045841217041016","18.891963958740234","2.6281135082244873","10.025184631347656","-2.1700098514556885","7.89008092880249","-3.2174713611602783","1.1656047105789185","1.8288052082061768","-0.654833197593689","4.66049337387085","2.0055105686187744","3.435187339782715","5.128612518310547","-2.331761360168457","2.5161280632019043","1.6736946105957031","0.19688205420970917","58.1099967956543","44.72468948364258","22.322765350341797","21.1236629486084","24.805419921875","15.705841064453125","15.007816314697266","10.758583068847656","12.537973403930664","13.7176513671875","7.6182169914245605","10.528297424316406","7.598549842834473","7.431049346923828","6.986821174621582","7.143842697143555","7.911489009857178","6.313475608825684","6.55748176574707","5.868995666503906","0","11-the_dog_is_in_front_of_the_horse"
"-178.0537872314453","138.6761474609375","-1.1248536109924316","20.90134048461914","5.35443639755249","12.734779357910156","-2.0207889080047607","10.155595779418945","-3.6390280723571777","-4.313554286956787","3.900038719177246","-0.5974929928779602","2.9102017879486084","-1.8443406820297241","4.192356586456299","0.8856644630432129","1.2760660648345947","3.859837055206299","-1.7600932121276855","2.591129779815674","47.92256546020508","39.07261276245117","22.353849411010742","23.646656036376953","17.879512786865234","13.35785961151123","14.747810363769531","13.748638153076172","13.789220809936523","10.453496932983398","13.180632591247559","10.22811222076416","8.447751998901367","11.593716621398926","8.204853057861328","6.451117992401123","9.27629280090332","6.908157825469971","7.286253452301025","7.210012912750244","0","11-the_dog_is_in_front_of_the_house"
"-159.8605499267578","117.22763061523438","11.890076637268066","14.404769897460938","8.590327262878418","10.298791885375977","0.42977672815322876","8.169509887695312","-2.7673823833465576","-4.206336498260498","3.2704246044158936","0.31369224190711975","1.6069291830062866","-0.2823495864868164","2.9561257362365723","1.4541265964508057","1.3911696672439575","3.170053243637085","-0.8253570795059204","1.931323528289795","40.82183837890625","34.238250732421875","22.38936424255371","22.93853187561035","16.999422073364258","11.843589782714844","13.504278182983398","12.820868492126465","11.555173873901367","10.265056610107422","12.557465553283691","10.203619956970215","8.816112518310547","9.86011791229248","6.999719142913818","6.0050458908081055","8.531378746032715","6.575283050537109","6.684403419494629","6.772516250610352","0","11-the_dog_is_in_front_of_the_house_noise"
"-210.97579956054688","138.47984313964844","-1.3692995309829712","21.54247283935547","5.435195446014404","13.501919746398926","-3.799455165863037","9.808979988098145","-4.518861770629883","-4.4942827224731445","3.9701008796691895","-1.4138611555099487","2.44022274017334","-1.810516595840454","3.756669521331787","0.9394297003746033","1.187276840209961","3.2660579681396484","-2.687293767929077","1.697171926498413","44.28137969970703","39.00270462036133","20.755964279174805","23.759353637695312","18.100936889648438","12.518637657165527","15.023490905761719","14.013358116149902","12.940631866455078","10.396768569946289","13.261927604675293","10.506148338317871","8.254337310791016","11.486152648925781","7.449954986572266","6.2660627365112305","8.979314804077148","7.395979404449463","6.4962358474731445","7.307765960693359","0","11-the_dog_is_in_front_of_the_house_speed"
"-204.45237731933594","128.8525390625","-0.025293203070759773","23.766422271728516","1.9456137418746948","9.436789512634277","1.411331295967102","9.912639617919922","-1.3920186758041382","-1.8538376092910767","2.1022605895996094","-2.141474962234497","5.979608535766602","5.4320855140686035","2.188494920730591","1.4622355699539185","-1.5480399131774902","4.19959831237793","3.01897931098938","3.684133768081665","53.396480560302734","48.4506950378418","20.548315048217773","29.167278289794922","16.715728759765625","11.380325317382812","16.71219825744629","11.397916793823242","10.588756561279297","10.800548553466797","11.628064155578613","12.1295747756958","8.349472045898438","10.38345718383789","9.218276977539062","8.305135726928711","7.683619976043701","9.224308013916016","8.248076438903809","7.690032482147217","0","11-the_dog_is_on_top_of_the_shed"
"-180.35194396972656","101.80005645751953","14.258660316467285","18.464981079101562","3.419293165206909","8.457313537597656","2.995795488357544","7.785768508911133","0.07056602835655212","-1.9828307628631592","1.5795406103134155","-1.1540589332580566","5.006117343902588","5.697818279266357","2.36100697517395","1.0785794258117676","-0.8266162872314453","3.507553815841675","3.618520498275757","3.227302074432373","40.06386184692383","38.31513977050781","20.790517807006836","26.53428840637207","13.965188026428223","9.97763729095459","13.90563678741455","9.43610668182373","9.711485862731934","10.324514389038086","11.199951171875","10.932307243347168","8.595194816589355","9.816962242126465","8.313234329223633","7.102520942687988","7.289618015289307","8.884909629821777","7.731697082519531","7.450298309326172","0","11-the_dog_is_on_top_of_the_shed_noise"
"-236.96780395507812","126.29706573486328","0.6528657674789429","24.01428985595703","0.613002359867096","11.089726448059082","0.8326531648635864","11.324972152709961","-2.2923974990844727","-2.164557933807373","1.002071499824524","-2.3681437969207764","5.3934102058410645","5.056326866149902","1.215269923210144","1.1584817171096802","-1.6587775945663452","3.3499703407287598","2.4380595684051514","3.1886041164398193","50.89933776855469","46.35969924926758","18.913549423217773","29.915279388427734","16.173288345336914","10.718082427978516","17.45357322692871","11.142229080200195","10.166646957397461","10.877412796020508","11.720649719238281","11.663466453552246","8.63233757019043","9.908169746398926","8.64626693725586","8.199223518371582","7.564866065979004","9.319202423095703","8.297618865966797","7.9730634689331055","0","11-the_dog_is_on_top_of_the_shed_speed"
"-156.22207641601562","117.62400817871094","-19.882984161376953","34.674800872802734","4.649567604064941","9.441534042358398","6.638219356536865","9.02686882019043","-4.987295627593994","2.7500336170196533","8.0897855758667","-6.729084491729736","5.090676307678223","7.462748050689697","2.774132490158081","-0.08914743363857269","-0.3695911765098572","4.340063095092773","2.457244634628296","3.9111440181732178","52.928504943847656","45.471099853515625","22.964218139648438","25.21456527709961","19.685710906982422","14.117109298706055","16.363178253173828","9.42391586303711","12.219083786010742","10.566227912902832","13.454245567321777","11.64743423461914","9.377813339233398","8.036612510681152","6.593166351318359","8.456744194030762","9.960429191589355","6.72818660736084","7.045775413513184","7.9413042068481445","0","11-the_fish_is_in_the_pond"
"-140.66970825195312","98.65081024169922","-6.492264747619629","26.623437881469727","8.213349342346191","8.19390869140625","7.090935230255127","8.713041305541992","-4.840982913970947","3.259321689605713","6.612916946411133","-4.795120716094971","3.536309003829956","8.132153511047363","2.730774164199829","-0.44563010334968567","0.19252566993236542","4.059456825256348","2.6402955055236816","3.8126609325408936","44.77838897705078","37.78916931152344","20.05331802368164","25.506502151489258","19.428781509399414","13.146410942077637","14.659364700317383","8.76964282989502","11.574418067932129","10.720623016357422","12.179553031921387","10.82478141784668","8.822380065917969","7.736941337585449","6.484480857849121","7.5481977462768555","9.535382270812988","6.8592119216918945","6.589474201202393","7.514016151428223","0","11-the_fish_is_in_the_pond_noise"
"-191.0858154296875","114.80564880371094","-18.793041229248047","34.751373291015625","2.783932685852051","10.072270393371582","5.494993209838867","9.401154518127441","-5.8806867599487305","2.1375200748443604","6.973344802856445","-7.4395294189453125","4.192110538482666","7.41512393951416","2.4787161350250244","-0.669963538646698","-1.3656046390533447","3.911635637283325","1.7498440742492676","2.981563091278076","51.482730865478516","43.95350646972656","23.411890029907227","25.327499389648438","18.755598068237305","13.42867660522461","16.241239547729492","9.74509048461914","11.847010612487793","11.56903076171875","14.101322174072266","10.915416717529297","9.168540000915527","8.382919311523438","5.766535758972168","7.63994836807251","10.493351936340332","6.822188854217529","7.535259246826172","7.889468669891357","0","11-the_fish_is_in_the_pond_speed"
"-223.40771484375","137.23648071289062","-0.8934376835823059","8.425006866455078","2.5381758213043213","4.681515216827393","8.636818885803223","11.986382484436035","-0.9368801116943359","4.487330913543701","-3.631732940673828","-1.7228174209594727","6.379148960113525","4.26883602142334","3.4477579593658447","1.4623464345932007","-2.1535515785217285","3.5299084186553955","-1.2222203016281128","1.6631978750228882","60.09874725341797","35.34885787963867","19.144207000732422","21.41447639465332","21.89246940612793","15.222679138183594","10.781107902526855","12.8343505859375","15.516249656677246","9.740097045898438","10.8265380859375","9.445734977722168","8.135315895080566","5.940740585327148","7.449501991271973","6.9962053298950195","7.416703701019287","7.127677917480469","7.213555335998535","7.067324638366699","0","11-the_horse_is_behind_the_car"
"-178.80502319335938","130.43804931640625","3.8485186100006104","21.529888153076172","7.4529194831848145","14.688285827636719","0.7246131896972656","8.881129264831543","-3.9151391983032227","-0.9355338215827942","-0.8509196043014526","-1.6771814823150635","8.377748489379883","3.5822532176971436","9.809289932250977","-1.2162740230560303","-0.2825326919555664","2.6207518577575684","-1.4710522890090942","4.941413879394531","43.531944274902344","45.295310974121094","27.216506958007812","20.292409896850586","18.163898468017578","13.227682113647461","11.96898078918457","11.000657081604004","12.375163078308105","10.241119384765625","9.160901069641113","9.85128402709961","9.004233360290527","9.410651206970215","7.2200212478637695","5.999364376068115","8.591554641723633","5.861410617828369","7.570037364959717","6.871560096740723","0","11-the_horse_is_next_to_the_stable"
"-161.25677490234375","110.28490447998047","15.140843391418457","17.07997703552246","8.784711837768555","13.562084197998047","2.5048043727874756","6.8795552253723145","-2.563607692718506","-0.8572431206703186","-1.893449306488037","-0.12340758740901947","6.459373950958252","5.355520725250244","8.142670631408691","-0.15060290694236755","-0.3809485137462616","1.8474053144454956","-0.33142077922821045","4.079034805297852","35.47996520996094","37.80768966674805","24.205852508544922","19.248735427856445","17.148372650146484","12.184056282043457","10.132420539855957","9.158795356750488","9.74320125579834","9.85470962524414","8.825428009033203","9.153643608093262","8.437250137329102","8.511281967163086","6.9578046798706055","6.057348728179932","7.915502071380615","5.779706954956055","6.862062931060791","6.472012996673584","0","11-the_horse_is_next_to_the_stable_noise"
"-213.43211364746094","128.77325439453125","4.393503189086914","22.380191802978516","5.974255084991455","15.742485046386719","-0.11037181317806244","9.145273208618164","-3.4594995975494385","-0.7190543413162231","-2.3809688091278076","-2.9633617401123047","6.984795093536377","2.931840658187866","8.793352127075195","-2.372917652130127","-0.5593731999397278","2.1075527667999268","-2.2343530654907227","4.176255702972412","39.44853591918945","45.46340560913086","26.18568229675293","20.739063262939453","17.674930572509766","13.447345733642578","11.651816368103027","11.098417282104492","11.928383827209473","9.763762474060059","8.570968627929688","9.715953826904297","8.28214168548584","9.096501350402832","7.54124116897583","5.9035468101501465","8.349390029907227","5.652209281921387","7.49894905090332","7.429023742675781","0","11-the_horse_is_next_to_the_stable_speed"
"-273.6991271972656","133.69015502929688","0.8679813742637634","15.154302597045898","12.982259750366211","6.828651428222656","2.971106767654419","10.521912574768066","-0.2717207372188568","2.0481550693511963","5.708210468292236","2.0403802394866943","5.818387508392334","2.117918014526367","2.95634388923645","5.261416912078857","2.9802262783050537","3.1532626152038574","1.3612900972366333","4.505215644836426","54.617820739746094","31.091459274291992","22.08052635192871","20.163619995117188","15.572402954101562","12.185456275939941","14.04240894317627","9.66084098815918","12.213506698608398","10.633781433105469","8.913215637207031","10.9781494140625","8.550232887268066","9.302919387817383","8.495347023010254","8.48001480102539","7.928722381591797","7.413854598999023","8.374551773071289","7.8856329917907715","0","11_M_native-studio"
"-231.31871032714844","89.87802124023438","18.677249908447266","12.316536903381348","11.03788948059082","7.63090705871582","4.849279880523682","7.214232921600342","2.0443193912506104","1.8037725687026978","4.631316661834717","3.2894561290740967","4.455033302307129","2.757319927215576","3.0302226543426514","4.770055294036865","3.7167439460754395","2.38500714302063","1.9936456680297852","4.339478492736816","41.04424285888672","26.852697372436523","19.93641471862793","17.37271499633789","13.669737815856934","9.962705612182617","11.286871910095215","8.631759643554688","9.91126537322998","10.058328628540039","8.702078819274902","9.017212867736816","8.381916999816895","8.6275053024292","7.6206746101379395","7.615410804748535","7.221649646759033","7.16964054107666","7.668447017669678","7.451473236083984","0","11_M_native-studio_noise"
"-310.13311767578125","132.6605682373047","0.2966734766960144","15.723989486694336","12.350631713867188","7.23521089553833","2.687227487564087","10.197029113769531","-0.808686375617981","1.6792469024658203","5.235023498535156","1.3496958017349243","5.111081123352051","1.615162968635559","2.734651803970337","5.525056838989258","3.098208427429199","3.0938868522644043","1.1279149055480957","4.535435199737549","54.29610061645508","31.396629333496094","21.76932144165039","20.858346939086914","15.760843276977539","12.3613920211792","14.148250579833984","9.752318382263184","12.366066932678223","10.88098430633545","9.017444610595703","11.204349517822266","8.681160926818848","9.40800666809082","8.54781436920166","8.614558219909668","8.056469917297363","7.61251974105835","8.539713859558105","7.9941840171813965","0","11_M_native-studio_speed"
"-264.16375732421875","149.96360778808594","3.8049798011779785","19.442138671875","8.110318183898926","9.012177467346191","5.160626411437988","8.084142684936523","3.870205879211426","9.920022964477539","8.197088241577148","10.611952781677246","12.382458686828613","0.28812968730926514","2.429567337036133","2.746666431427002","2.284409761428833","2.4414236545562744","-0.6215441226959229","-0.43227913975715637","51.42243957519531","43.220619201660156","15.450791358947754","24.148345947265625","18.573022842407227","15.080613136291504","15.646737098693848","10.230574607849121","11.597575187683105","10.555784225463867","7.0892791748046875","7.191897869110107","6.562262535095215","6.643255710601807","6.938468933105469","7.114802360534668","6.429105758666992","5.468596458435059","5.434544563293457","5.111422061920166","0","2-the_dog_is_in_front_of_the_horse"
"-221.3302764892578","102.4952621459961","28.030860900878906","11.977444648742676","8.149617195129395","9.6048583984375","5.749367713928223","6.676089286804199","5.214670658111572","8.889602661132812","8.83111572265625","10.789331436157227","10.483559608459473","2.6140193939208984","1.4349905252456665","3.002319574356079","2.527043342590332","1.4802002906799316","-0.03609514236450195","0.029650181531906128","39.74613952636719","37.337501525878906","12.163836479187012","20.645116806030273","16.927637100219727","11.740671157836914","12.388493537902832","9.652887344360352","9.263635635375977","9.01034927368164","5.979987144470215","6.2966694831848145","5.764644145965576","5.516224384307861","6.204946517944336","7.14799165725708","5.54929780960083","5.1612019538879395","4.929302215576172","4.697822570800781","0","2-the_dog_is_in_front_of_the_horse_noise"
"-297.3974914550781","148.0081787109375","6.688886642456055","19.695411682128906","6.108518123626709","9.217489242553711","3.838012933731079","8.143960952758789","1.9186886548995972","10.050699234008789","6.8517327308654785","10.01224136352539","11.931892395019531","0.43707290291786194","1.5119913816452026","2.589257001876831","1.7255314588546753","2.2257494926452637","-1.2345483303070068","-0.6301071643829346","50.282588958740234","42.10636520385742","15.002523422241211","24.80602264404297","18.680320739746094","14.923199653625488","16.282793045043945","11.285698890686035","11.816362380981445","10.554447174072266","6.813043594360352","7.328026294708252","6.438748359680176","6.712740421295166","6.933441162109375","7.043946743011475","6.552913188934326","5.21160888671875","5.228931903839111","5.205261707305908","0","2-the_dog_is_in_front_of_the_horse_speed"
"-277.3327331542969","144.11155700683594","-5.681918144226074","20.299320220947266","11.137711524963379","5.657805442810059","2.2228140830993652","6.244540691375732","4.842596530914307","7.491653919219971","8.754426002502441","10.26865291595459","12.900997161865234","1.211652159690857","3.8996834754943848","2.4821629524230957","2.235424518585205","1.229229211807251","0.0615171454846859","1.3880749940872192","53.90616989135742","42.436153411865234","12.941213607788086","26.292211532592773","19.03304672241211","12.343953132629395","14.543410301208496","11.828361511230469","11.055747985839844","8.71116828918457","7.208755970001221","6.932796955108643","5.938330173492432","7.851827621459961","7.114894390106201","7.5044097900390625","7.229551792144775","5.182229042053223","5.7406792640686035","4.828405857086182","0","2-the_dog_is_on_top_of_the_shed"
"-230.45361328125","92.5677490234375","20.20751953125","13.1655855178833","9.940986633300781","6.966495513916016","2.9393057823181152","4.710717678070068","5.984318256378174","7.23354434967041","8.337329864501953","10.5791654586792","10.860020637512207","3.7295379638671875","2.322859287261963","3.3784451484680176","1.813002586364746","1.0426474809646606","0.45274001359939575","1.2576148509979248","41.28016662597656","36.142696380615234","14.562976837158203","22.53760528564453","15.31908893585205","11.061887741088867","12.031469345092773","11.312356948852539","9.018037796020508","7.842168807983398","6.709308624267578","6.003991603851318","5.030373573303223","6.755972862243652","6.955258369445801","7.093911647796631","6.6467604637146","4.5918378829956055","4.582010269165039","4.064145565032959","0","2-the_dog_is_on_top_of_the_shed_noise"
"-309.27642822265625","140.3568115234375","-3.131871223449707","21.104570388793945","7.730536937713623","6.3417277336120605","0.48361021280288696","5.920403957366943","3.006643295288086","8.029899597167969","8.163725852966309","10.48776912689209","12.890053749084473","0.8116791844367981","2.0460548400878906","2.3731658458709717","0.6208828687667847","0.7041469216346741","0.36664608120918274","1.5916014909744263","51.12675857543945","42.03741455078125","12.540029525756836","27.35186195373535","19.494508743286133","12.634873390197754","14.138655662536621","12.309015274047852","10.624375343322754","8.261799812316895","7.516632556915283","6.7494893074035645","6.5231852531433105","8.263197898864746","7.796477317810059","7.9738311767578125","7.458799839019775","4.8979644775390625","6.142134666442871","5.411943435668945","0","2-the_dog_is_on_top_of_the_shed_speed"
"-241.3130645751953","137.20709228515625","-1.7900205850601196","31.403221130371094","11.810775756835938","9.525908470153809","2.2514331340789795","3.827505350112915","7.3858113288879395","4.744773864746094","6.767401218414307","6.347693920135498","8.6412935256958","1.3951976299285889","3.7982351779937744","2.134800434112549","2.259147882461548","1.2215361595153809","-1.7818609476089478","-0.6887399554252625","56.900856018066406","42.88399887084961","16.470603942871094","20.69684410095215","16.647777557373047","10.895142555236816","19.49557876586914","8.084809303283691","10.588982582092285","8.687862396240234","7.968061447143555","7.705572128295898","7.1718549728393555","6.512381553649902","5.738926410675049","6.448620796203613","5.9375810623168945","5.328624725341797","4.578107833862305","5.649725914001465","0","2-the_fish_is_in_the_pond"
"-206.5600128173828","97.0993881225586","21.41145896911621","22.02229118347168","13.500813484191895","10.272048950195312","1.014146089553833","5.059906482696533","5.939976215362549","6.305773735046387","5.552455425262451","7.168346405029297","7.571552753448486","2.7020022869110107","2.5983121395111084","2.8538830280303955","2.1036899089813232","0.8785213232040405","-1.2079633474349976","-0.7642640471458435","42.08668518066406","33.31904983520508","15.091477394104004","20.080028533935547","14.270462989807129","8.551706314086914","15.200260162353516","8.904078483581543","7.672525882720947","7.031240463256836","7.0005717277526855","7.17268705368042","6.429174900054932","6.040309429168701","5.390574932098389","5.686272621154785","5.548410415649414","4.873040676116943","4.291841983795166","5.135294437408447","0","2-the_fish_is_in_the_pond_noise"
"-276.74700927734375","136.8516082763672","0.2619366943836212","33.58548355102539","12.365219116210938","10.453500747680664","0.7209606766700745","3.2335588932037354","7.066157817840576","5.379183769226074","7.0086259841918945","7.115527153015137","9.064621925354004","1.217960000038147","3.0705435276031494","1.4747689962387085","1.2874621152877808","1.1552714109420776","-1.6742388010025024","-1.1979162693023682","58.40409851074219","40.93857955932617","16.666000366210938","21.5526180267334","16.387542724609375","11.054803848266602","20.57660484313965","8.2691068649292","11.558273315429688","8.561446189880371","8.606303215026855","7.56227445602417","7.060452938079834","6.615947723388672","5.856539249420166","5.800776481628418","5.880481719970703","5.734645366668701","4.888732433319092","5.7474775314331055","0","2-the_fish_is_in_the_pond_speed"
"-216.73631286621094","153.92481994628906","-3.5690345764160156","16.20167350769043","2.2840497493743896","10.524109840393066","7.384576320648193","6.314477443695068","0.06048886850476265","6.295877456665039","4.846383571624756","8.379334449768066","13.646490097045898","-0.13439224660396576","2.7167861461639404","-0.6730894446372986","3.1039507389068604","1.015271782875061","-3.2947733402252197","0.31259915232658386","50.54813003540039","35.213043212890625","17.035566329956055","24.30417823791504","18.374225616455078","15.70958137512207","16.027233123779297","11.241705894470215","15.157752990722656","8.782095909118652","10.350578308105469","8.673033714294434","9.837413787841797","7.638304233551025","8.91109561920166","7.625541687011719","6.38892936706543","7.06256628036499","5.809968948364258","6.035861968994141","0","2-the_horse_is_behind_the_car"
"-253.84738159179688","133.67379760742188","1.5633113384246826","26.96253204345703","5.681571006774902","12.168617248535156","-0.4116814136505127","5.078754901885986","5.493487358093262","8.630611419677734","8.548492431640625","6.826326370239258","10.99107551574707","-0.33501461148262024","2.1822509765625","2.187896728515625","2.186300277709961","0.5776820182800293","-1.2462878227233887","-3.174839973449707","57.05243682861328","50.71458435058594","16.303922653198242","25.88615608215332","20.018836975097656","12.884623527526855","17.77341079711914","11.461913108825684","11.879958152770996","10.792315483093262","9.820328712463379","7.887224197387695","6.677201747894287","6.407622814178467","7.25664758682251","6.175154209136963","6.325641632080078","5.619828224182129","5.546893119812012","5.733224868774414","0","2-the_horse_is_next_to_the_stable"
"-216.2270050048828","91.91905975341797","23.78482437133789","18.70259666442871","7.913832664489746","10.522615432739258","2.0757253170013428","3.1175894737243652","5.845904350280762","8.999850273132324","7.1318206787109375","8.388296127319336","8.524589538574219","2.1128480434417725","0.7152098417282104","2.916461229324341","2.0426084995269775","0.3177478313446045","-1.215404987335205","-2.9798851013183594","42.885963439941406","39.876678466796875","13.29595947265625","24.07086753845215","17.67351531982422","10.092687606811523","13.99638557434082","11.702299118041992","9.816692352294922","9.265055656433105","7.899954319000244","7.206116676330566","5.718884468078613","5.770913124084473","6.064084529876709","5.898664951324463","5.7601399421691895","5.155835151672363","5.291409969329834","4.9041948318481445","0","2-the_horse_is_next_to_the_stable_noise"
"-288.8951416015625","130.00677490234375","3.096710443496704","27.803468704223633","3.98577880859375","12.772292137145996","-2.3808934688568115","3.4569013118743896","3.3619093894958496","8.240739822387695","7.30299186706543","7.052368640899658","10.418922424316406","-0.22592933475971222","1.7964979410171509","2.548516035079956","2.027884006500244","1.131472110748291","-0.2342880517244339","-2.791741371154785","57.915008544921875","50.61235427856445","16.571826934814453","27.130550384521484","20.443445205688477","13.075315475463867","17.480268478393555","11.835598945617676","11.025047302246094","10.565940856933594","9.716919898986816","8.806797981262207","7.636247158050537","7.390117168426514","7.692562580108643","6.612651824951172","6.925145626068115","5.457586765289307","5.838094711303711","6.329736232757568","0","2-the_horse_is_next_to_the_stable_speed"
"-213.24559020996094","143.9468536376953","-10.977439880371094","23.426294326782227","-2.139880657196045","0.31681114435195923","0.806164562702179","5.997438907623291","-6.884427547454834","4.211094856262207","6.708829402923584","4.228848934173584","6.009429454803467","5.817779541015625","2.8588039875030518","0.3333054482936859","5.543004035949707","4.389934539794922","-5.635790824890137","3.602257251739502","57.5181999206543","35.82994842529297","21.435888290405273","12.757376670837402","17.85831642150879","15.152976989746094","12.445362091064453","7.845429420471191","16.2745304107666","8.154236793518066","8.261409759521484","8.472037315368652","8.546671867370605","6.653679847717285","5.403885841369629","8.662384986877441","7.417697429656982","6.460460186004639","9.078893661499023","6.128793716430664","0","4-the_dog_is_in_front_of_the_horse"
"-184.6019287109375","109.80575561523438","10.468993186950684","12.374985694885254","2.620858907699585","-1.6382826566696167","2.3978686332702637","3.9878227710723877","-4.581356525421143","2.602262258529663","7.392347812652588","4.217864513397217","5.26456356048584","6.508407115936279","2.5909571647644043","0.2515573501586914","6.135947227478027","3.271402597427368","-4.252091884613037","2.650923728942871","46.15018081665039","30.53245735168457","20.262252807617188","12.923239707946777","15.487141609191895","14.517655372619629","11.145817756652832","7.781301498413086","13.997363090515137","7.859586238861084","8.334301948547363","7.627621650695801","7.843240261077881","6.688239574432373","5.000655651092529","8.710246086120605","6.602538585662842","5.256185054779053","7.972406387329102","5.958035469055176","0","4-the_dog_is_in_front_of_the_horse_noise"
"-247.45533752441406","143.06834411621094","-7.653775215148926","23.22930145263672","-2.7751965522766113","-0.11210113763809204","-1.004273533821106","5.254951000213623","-8.854516983032227","3.599080801010132","6.271662712097168","3.6104421615600586","5.232907772064209","6.32127571105957","2.5933704376220703","0.04631561413407326","5.299702167510986","4.717111110687256","-5.714466571807861","2.952380418777466","54.88033676147461","35.065460205078125","21.23452377319336","12.698838233947754","18.414209365844727","15.521964073181152","12.560850143432617","8.418463706970215","16.340435028076172","8.366312980651855","8.35292911529541","9.13852596282959","9.135661125183105","6.352350234985352","5.124714374542236","9.09904670715332","7.4520955085754395","6.411989688873291","8.918441772460938","6.658785343170166","0","4-the_dog_is_in_front_of_the_horse_speed"
"-167.5889434814453","162.9450225830078","-23.849414825439453","24.51650047302246","4.79489803314209","2.203047752380371","3.676575183868408","6.651750087738037","-1.676073431968689","6.472466945648193","9.293987274169922","1.1360617876052856","7.4425530433654785","7.576175689697266","3.219080924987793","0.8979359865188599","3.2443771362304688","4.3791093826293945","-3.114163637161255","2.8445067405700684","44.684879302978516","28.538774490356445","19.413972854614258","13.742352485656738","12.70956802368164","12.44770336151123","12.677681922912598","7.763708114624023","15.182845115661621","9.243449211120605","8.662976264953613","8.960493087768555","6.665984630584717","6.065616130828857","6.66481351852417","8.641199111938477","6.184197902679443","7.0394744873046875","9.441519737243652","6.974863529205322","0","4-the_dog_is_on_top_of_the_shed"
"-143.534912109375","132.907958984375","-2.4682931900024414","12.106164932250977","10.325428009033203","0.4249037504196167","4.099767208099365","6.407445907592773","-1.3635704517364502","6.416635036468506","8.831494331359863","1.9706306457519531","6.4250688552856445","8.352954864501953","2.893235683441162","0.6379639506340027","4.048114776611328","3.1904280185699463","-1.8929929733276367","1.936202049255371","35.62130355834961","20.8182315826416","20.194320678710938","13.92684268951416","12.001716613769531","11.109253883361816","10.203373908996582","7.2518534660339355","13.305976867675781","9.602306365966797","7.599160671234131","8.84052562713623","6.163387298583984","5.688233852386475","5.96011209487915","8.456747055053711","5.733337879180908","6.677518367767334","8.521605491638184","7.1035919189453125","0","4-the_dog_is_on_top_of_the_shed_noise"
"-203.92665100097656","162.13845825195312","-22.4521427154541","25.22793197631836","3.174454927444458","2.40220308303833","2.5275373458862305","6.615249156951904","-2.015092134475708","6.130556583404541","9.78573226928711","1.1266098022460938","7.860510349273682","7.678289413452148","3.497955560684204","0.9558525085449219","3.5840625762939453","4.787536144256592","-2.8752877712249756","2.9520010948181152","42.65164566040039","28.431543350219727","19.301095962524414","13.556486129760742","12.873459815979004","12.612430572509766","12.838835716247559","7.275312900543213","15.495162010192871","9.601383209228516","8.761221885681152","9.2462739944458","7.291909694671631","5.997056484222412","6.166247844696045","8.67699146270752","6.241006851196289","6.787882328033447","8.761452674865723","6.799280166625977","0","4-the_dog_is_on_top_of_the_shed_speed"
"-249.23756408691406","143.70236206054688","-12.054158210754395","17.62784767150879","5.479081630706787","4.166614532470703","6.37040901184082","7.781885147094727","-0.5701690912246704","2.960333824157715","4.937103748321533","6.184264659881592","8.107219696044922","5.763909816741943","4.703673839569092","7.237068176269531","5.981546878814697","2.360872268676758","-3.359363555908203","-0.5361125469207764","54.75926208496094","40.63494873046875","21.07362174987793","21.21327018737793","15.363986015319824","15.183526039123535","13.989985466003418","8.529402732849121","14.426215171813965","8.591451644897461","7.673033237457275","7.87398099899292","7.6060004234313965","6.599370956420898","6.357391357421875","7.518421173095703","5.8501877784729","4.575170993804932","7.212761402130127","7.485866069793701","0","4-the_fish_is_in_the_pond"
"-209.87408447265625","99.14662170410156","11.792487144470215","9.176650047302246","6.629687786102295","4.826110363006592","5.948002338409424","7.261495113372803","0.5155655741691589","1.8599541187286377","5.797222137451172","6.006519317626953","7.498420238494873","6.40242338180542","4.855051040649414","6.587351322174072","6.405334949493408","1.8508527278900146","-2.5768990516662598","-0.9344670176506042","41.75886917114258","30.673372268676758","20.168685913085938","18.62236976623535","12.917101860046387","14.793676376342773","11.303659439086914","8.634705543518066","12.181779861450195","9.030051231384277","6.942204475402832","7.018881797790527","7.029605388641357","6.029857158660889","5.797577381134033","7.131256103515625","5.0261616706848145","4.9075446128845215","6.442325115203857","6.978208541870117","0","4-the_fish_is_in_the_pond_noise"
"-286.2979736328125","144.54248046875","-12.011622428894043","19.651174545288086","4.999630451202393","5.810594081878662","5.438158988952637","7.469780921936035","-1.1528704166412354","1.9981882572174072","4.307826042175293","5.743908405303955","8.38220500946045","6.39912748336792","4.499692440032959","7.033405303955078","5.921213626861572","2.022312879562378","-3.4961137771606445","-0.13126464188098907","56.85102462768555","39.664615631103516","20.281513214111328","21.688535690307617","14.865996360778809","14.349213600158691","14.731769561767578","8.894465446472168","15.10118579864502","8.987103462219238","7.440530776977539","7.450230121612549","7.352494716644287","6.854635238647461","6.783341407775879","7.71895170211792","6.271574020385742","4.833779811859131","7.309924125671387","7.527850151062012","0","4-the_fish_is_in_the_pond_speed"
"-238.0965576171875","141.03489685058594","-13.327225685119629","14.02023696899414","-5.863618850708008","-0.46348875761032104","10.473674774169922","14.623757362365723","-8.876544952392578","2.1084141731262207","5.962891578674316","0.746802031993866","4.916029453277588","5.557665824890137","0.5035220980644226","0.2251042276620865","3.954418897628784","5.621699333190918","-3.5913808345794678","-1.5490756034851074","49.43669509887695","38.72393035888672","28.834299087524414","21.621252059936523","21.142257690429688","20.667146682739258","17.97511100769043","12.186384201049805","15.742425918579102","11.599782943725586","7.630400657653809","11.267037391662598","7.703998565673828","6.873170852661133","7.407979488372803","8.719979286193848","7.557168960571289","7.711380481719971","7.274043560028076","8.784130096435547","0","4-the_horse_is_behind_the_car"
"-190.7928924560547","144.57643127441406","-14.047256469726562","22.56084442138672","-7.247896194458008","6.210628509521484","-0.3553707003593445","7.860650062561035","-4.51261568069458","4.4776763916015625","4.900895595550537","0.3259027898311615","6.159683704376221","6.757999420166016","3.8025639057159424","4.1191301345825195","4.568639278411865","2.677509307861328","-4.092129707336426","0.970104992389679","44.685272216796875","30.91127586364746","16.039161682128906","11.639052391052246","16.397714614868164","13.51392936706543","11.553378105163574","8.67752742767334","13.496788024902344","7.50121545791626","9.363471984863281","9.656001091003418","9.387475967407227","8.437223434448242","7.307921409606934","6.416883945465088","7.478338718414307","6.613511562347412","7.823948860168457","8.137962341308594","0","4-the_horse_is_next_to_the_stable"
"-167.237548828125","115.52657318115234","6.3133087158203125","9.959489822387695","0.29832857847213745","1.4894925355911255","2.9543800354003906","5.136266708374023","-2.4935243129730225","3.2718324661254883","5.173163890838623","0.8932445049285889","5.330874919891357","7.319491863250732","3.6632673740386963","3.8439903259277344","5.094246864318848","1.969678521156311","-3.29079532623291","0.4259018003940582","34.59577178955078","22.94420051574707","14.616633415222168","12.730234146118164","15.550570487976074","12.570189476013184","10.444520950317383","7.906342029571533","11.389165878295898","7.057917594909668","8.677082061767578","10.016620635986328","8.478642463684082","7.394613265991211","6.6715168952941895","6.338869571685791","7.015449523925781","6.390422344207764","7.52677059173584","7.541511058807373","0","4-the_horse_is_next_to_the_stable_noise"
"-225.68104553222656","141.52015686035156","-11.9945650100708","22.377267837524414","-6.928786754608154","6.534817218780518","-1.0360454320907593","7.672428131103516","-5.225032806396484","3.7778067588806152","3.7135119438171387","-0.17192897200584412","4.4462080001831055","7.301770210266113","3.1408562660217285","4.645987510681152","4.501574516296387","3.1138756275177","-4.593254089355469","0.6305112838745117","42.86273956298828","29.49228858947754","15.662484169006348","11.169509887695312","17.197826385498047","13.320691108703613","11.68067455291748","8.36594295501709","13.61528205871582","7.435483932495117","9.526496887207031","9.023149490356445","8.730489730834961","9.088659286499023","8.114533424377441","6.807375431060791","8.202759742736816","7.3290605545043945","8.060864448547363","7.834166049957275","0","4-the_horse_is_next_to_the_stable_speed"
"-173.7758331298828","142.0479736328125","-20.76810646057129","34.44802474975586","-3.6243948936462402","11.90395450592041","-5.523621082305908","8.621912956237793","0.5864240527153015","-1.236067533493042","4.6649489402771","3.282745361328125","3.381331443786621","2.5126166343688965","1.6892043352127075","1.913217306137085","2.900453567504883","2.134826421737671","0.2309827208518982","1.1820675134658813","61.321041107177734","28.12404441833496","19.83964729309082","14.304047584533691","14.429708480834961","13.699209213256836","12.378422737121582","10.07619857788086","8.87421703338623","10.124669075012207","7.508039474487305","8.93795108795166","8.48155403137207","6.905849933624268","6.68682336807251","5.855836868286133","7.001726150512695","5.887241363525391","7.71031379699707","8.30708122253418","0","6-the_dog_is_in_front_of_the_horse"
"-152.3820343017578","115.10337829589844","-0.22509562969207764","19.79157066345215","6.389909267425537","5.056177139282227","-0.7460442185401917","5.621877670288086","2.0858120918273926","-1.557578444480896","4.370293140411377","3.652336597442627","2.9695546627044678","2.909715414047241","1.315821886062622","2.1125547885894775","2.932905912399292","2.1577975749969482","0.3009033203125","1.1563851833343506","53.39224624633789","21.746671676635742","23.803245544433594","13.873845100402832","14.621580123901367","11.754033088684082","11.512821197509766","9.149211883544922","8.551992416381836","9.164463996887207","6.777458190917969","8.675334930419922","7.706445217132568","6.446312427520752","6.232209205627441","5.645718574523926","6.3787055015563965","5.591983795166016","7.141017436981201","8.246013641357422","0","6-the_dog_is_in_front_of_the_horse_noise"
"-207.4171905517578","140.0380859375","-21.582399368286133","34.13596725463867","-5.051110744476318","11.743062019348145","-7.6047587394714355","7.276957988739014","-1.1034469604492188","-1.6597487926483154","3.9526312351226807","3.2494096755981445","3.0910825729370117","2.8850722312927246","1.7255403995513916","1.57912015914917","2.9598560333251953","2.5245184898376465","0.5138658285140991","1.467729091644287","59.78976058959961","26.490684509277344","19.782556533813477","13.701942443847656","14.870628356933594","14.239802360534668","11.815359115600586","10.181472778320312","9.378190040588379","10.292657852172852","7.180889129638672","8.778059959411621","8.29547119140625","7.288271427154541","6.6794891357421875","6.45512580871582","6.4188995361328125","5.09286642074585","7.266767501831055","8.143759727478027","0","6-the_dog_is_in_front_of_the_horse_speed"
"-207.2274627685547","149.6057586669922","-0.8363891839981079","38.527557373046875","7.965403079986572","18.016830444335938","3.8313868045806885","12.104218482971191","0.897333025932312","6.19625186920166","10.541014671325684","8.586872100830078","8.032219886779785","7.5457024574279785","4.532528400421143","2.9593443870544434","3.665048122406006","4.930306434631348","3.780961513519287","3.644831895828247","41.79975128173828","32.20814895629883","15.15806770324707","14.863858222961426","12.53715991973877","11.024325370788574","11.624245643615723","8.894902229309082","12.804287910461426","8.432748794555664","6.973309516906738","10.112991333007812","6.92654275894165","6.593837261199951","5.766384601593018","5.977330684661865","6.288715839385986","6.230736255645752","5.541223526000977","5.306884288787842","0","6-the_dog_is_on_top_of_the_shed"
"-180.78680419921875","117.1666488647461","21.67572784423828","24.754087448120117","16.072580337524414","12.89018726348877","7.473341464996338","9.008005142211914","3.2385191917419434","4.921774387359619","10.968315124511719","8.68751049041748","7.690792560577393","7.921630382537842","4.307574272155762","2.934330940246582","3.837904691696167","4.636841773986816","4.224404811859131","3.555086612701416","32.2572135925293","24.442716598510742","15.865865707397461","14.769267082214355","11.62924861907959","9.136964797973633","9.46624755859375","8.382942199707031","10.379827499389648","8.248554229736328","6.242949485778809","8.68148136138916","6.968560695648193","5.646175861358643","4.720876693725586","5.52400541305542","5.9887518882751465","5.675281047821045","5.545347690582275","5.109099864959717","0","6-the_dog_is_on_top_of_the_shed_noise"
"-239.44143676757812","147.4634552001953","0.2752235233783722","37.268123626708984","6.482820510864258","16.781328201293945","1.088427186012268","11.720446586608887","-1.7117202281951904","6.03798246383667","9.768253326416016","8.780864715576172","7.415518760681152","7.920699119567871","3.482893228530884","2.0773167610168457","2.886019468307495","4.493345737457275","2.9578957557678223","2.977337598800659","39.153114318847656","31.07324981689453","14.380528450012207","15.460519790649414","12.02985668182373","9.989777565002441","12.200823783874512","9.210241317749023","12.741875648498535","8.766566276550293","6.851855754852295","9.68049144744873","7.163785934448242","6.069258213043213","6.461529731750488","5.557789325714111","6.84529972076416","7.389185428619385","5.794853210449219","5.828415393829346","0","6-the_dog_is_on_top_of_the_shed_speed"
"-199.33749389648438","138.93821716308594","-12.375649452209473","33.99280548095703","4.646503925323486","12.48163890838623","4.860960960388184","12.556572914123535","1.9147891998291016","0.6043721437454224","6.8798041343688965","2.802053689956665","2.867582082748413","2.4793262481689453","0.27305227518081665","1.733963966369629","2.0405240058898926","2.7772746086120605","2.0749027729034424","2.401585578918457","43.34379196166992","39.01904296875","12.934306144714355","17.171098709106445","12.060691833496094","11.679935455322266","14.865495681762695","10.676342964172363","6.987835884094238","10.153429985046387","7.890531539916992","9.970659255981445","7.189263820648193","6.12155818939209","8.570009231567383","6.071409225463867","6.1249823570251465","8.051900863647461","5.4741716384887695","7.5321879386901855","0","6-the_fish_is_in_the_pond"
"-174.40725708007812","108.1939697265625","9.330781936645508","21.10594940185547","10.912294387817383","9.857926368713379","6.105109691619873","11.562309265136719","2.5390548706054688","0.5440274477005005","6.692469596862793","2.9137253761291504","2.829803228378296","2.442014217376709","0.566352903842926","1.2679883241653442","2.6418190002441406","2.4137136936187744","2.1889586448669434","2.4253220558166504","33.538330078125","29.08025360107422","11.372461318969727","17.391674041748047","10.404878616333008","10.825549125671387","12.368865013122559","9.587201118469238","6.668012619018555","9.310551643371582","7.3124494552612305","9.454809188842773","7.456410884857178","5.787662506103516","7.983157157897949","5.7446770668029785","6.176011085510254","7.599755764007568","5.499795913696289","7.080020427703857","0","6-the_fish_is_in_the_pond_noise"
"-235.7157745361328","138.16835021972656","-11.68960189819336","35.948394775390625","3.001465082168579","13.916411399841309","2.7798545360565186","12.897076606750488","0.8149175047874451","0.0792180672287941","6.5601606369018555","1.8735411167144775","3.1287782192230225","1.56569504737854","-0.317274808883667","1.1488581895828247","1.947151780128479","2.1115453243255615","0.9567440748214722","1.6147644519805908","42.58945846557617","39.404788970947266","13.446414947509766","16.046632766723633","11.364996910095215","11.078067779541016","15.042744636535645","10.870895385742188","8.357429504394531","10.117280960083008","7.644232749938965","10.451173782348633","7.602449417114258","6.033391952514648","8.197285652160645","5.8809685707092285","7.179108619689941","8.05266284942627","6.157504558563232","7.802724361419678","0","6-the_fish_is_in_the_pond_speed"
"-208.35557556152344","156.34422302246094","-19.242053985595703","26.94429588317871","5.567296504974365","19.1363525390625","8.164759635925293","8.432482719421387","0.7018967270851135","-3.724799156188965","6.083435535430908","6.910894393920898","4.0926713943481445","1.298020362854004","1.484735369682312","5.133737564086914","3.9278087615966797","5.178001880645752","3.3124125003814697","1.4166433811187744","53.023292541503906","31.5396671295166","19.117799758911133","24.2718563079834","14.575727462768555","11.597041130065918","16.105247497558594","8.792963981628418","10.537176132202148","9.812402725219727","8.385805130004883","7.835974216461182","8.115236282348633","5.9914870262146","7.145288944244385","8.290489196777344","8.85036849975586","6.397885799407959","5.855520725250244","7.614756107330322","0","6-the_horse_is_behind_the_car"
"-214.42152404785156","147.56002807617188","-6.2923173904418945","39.06389617919922","5.103644847869873","13.035825729370117","-0.39554423093795776","7.288183689117432","1.5063844919204712","1.5102850198745728","7.850461006164551","4.726166248321533","8.428839683532715","4.107757091522217","6.017423629760742","1.864132285118103","1.164186954498291","4.904980182647705","1.4952077865600586","4.161680698394775","40.84368896484375","29.781944274902344","17.80202293395996","12.73815631866455","11.115500450134277","11.538263320922852","13.014373779296875","7.629517078399658","9.178153991699219","10.168035507202148","6.78982400894165","7.162539958953857","6.969368934631348","6.559912204742432","7.117483139038086","6.402141571044922","6.357740879058838","5.556679725646973","5.3034257888793945","5.518702030181885","0","6-the_horse_is_next_to_the_stable"
"-185.96163940429688","112.82259368896484","18.0843448638916","23.898162841796875","13.512451171875","8.150856971740723","2.6994376182556152","5.284781455993652","2.5902626514434814","1.5823322534561157","6.803869724273682","6.157130241394043","6.859877586364746","5.570389747619629","5.022697925567627","2.309870958328247","1.4930155277252197","4.124172210693359","2.162978410720825","3.577228546142578","31.545597076416016","25.131418228149414","16.689308166503906","13.404579162597656","11.170111656188965","10.258156776428223","10.591702461242676","7.248631954193115","8.439678192138672","8.988432884216309","6.201433181762695","5.867604732513428","5.63152551651001","6.030210494995117","6.361866474151611","5.6564836502075195","5.671116352081299","5.189512729644775","5.180039882659912","5.203187465667725","0","6-the_horse_is_next_to_the_stable_noise"
"-249.10023498535156","146.40911865234375","-5.199884414672852","39.597469329833984","4.031517028808594","13.390782356262207","-1.741297721862793","6.768609046936035","1.2072980403900146","1.6913307905197144","7.7361979484558105","4.584848880767822","8.187047004699707","4.024244785308838","5.26548433303833","1.1883189678192139","0.2730918526649475","5.095250129699707","1.8505228757858276","4.160966396331787","40.57664108276367","29.122314453125","17.156484603881836","12.223756790161133","11.311241149902344","12.051431655883789","13.6632080078125","7.589975833892822","8.614511489868164","9.858963012695312","6.965163230895996","7.298247814178467","6.619888782501221","5.8633904457092285","6.631943225860596","6.716830253601074","6.562084197998047","6.021609306335449","5.715155124664307","6.382918834686279","0","6-the_horse_is_next_to_the_stable_speed"
